anchor,cat_1,cat_2,cat_3,cat_4,cat_5,cat_6,cat_7,cat_8,cat_9,cat_10,cat_11,cat_12,cat_13,cat_14,cat_15
What It Takes: Lessons in the Pursuit of Excellence by Stephen A. Schwarzman,Books on Success,Books on Goal Setting,Books on Coaching,Motivational Books,Books on Excel,Growth Mindset Books,Books on Time Management,Books on Discipline,Books on Leadership,Self-Help Books,Books on Character Development,Books on Self-Awareness,Books on Productivity,Books on Mental Toughness,Books on Military Strategy
The Practice: Shipping Creative Work by Seth Godin,Books on Product Design,Books on Product Management,Books on Design Thinking,Books on Content Creation,Books on Design,Books on Graphic Design,Books on Project Management,Books on Copywriting,Books on Networking,Books on Agile,Books on Creativity,Books on UX Design,Books on Writing,Books on Branding,Books on Marketing
The Ideal Team Player: How to Recognize and Cultivate the Three Essential Virtues by Patrick Lencioni,Books on Team Building,Books on Coaching,Books on Character Development,Books on Managing People,Books on Success,Books on Emotional Intelligence,Books on Mental Toughness,Books on Communication,Books on Leadership,Books on Psychology,Self-Help Books,Motivational Books,Books on Military Strategy,Books on Decision Making,Books on Self-Awareness
"4 Essential Keys to Effective Communication in Love, Life, Work — Anywhere! by Bento C. Leal III",Books on Conflict Resolution,Books on Communication,Books on Relationships,Books on Social Skills,Books on Marriage,Books on Conversation,Books on Happiness,Books on Emotional Intelligence,Books on Attachment Theory,Self-Help Books,Books on Empathy,Books on Psychology,Books on Character Development,Books on Life Coaching,Books on Leadership
The Undocumented Americans by Karla Cornejo Villavicencio,Books about Immigration,Books on Mexican History,Books about Freedom,Books about Poverty,Books about Identity,Books on Social Work,Books about Human Rights,Books about Misinformation,Political Fiction Books,Books on Social History,Books about Colonialism,Books on Civil Rights,Books about Africa,Books about Mexico,Books on Cultural History
"Emotional Agility: Get Unstuck, Embrace Change, and Thrive in Work and Life by Susan David, Ph.D.",Books on Change Management,Books on Resilience,Books on Stress Management,Books on Managing People,Books on Emotional Intelligence,Books on Anger Management,Books on Career Change,Books on Mindfulness,Growth Mindset Books,Books on Healing,Books on Happiness,Books on Problem Solving,Books on Psychology,Books on Forgiveness,Books on Mental Health
The Origin of Species by Charles Darwin,Books on Human Evolution,Books on Evolution,Books on Anthropology,Books on Genetics,Books about Biology,Books on Dinosaurs,Books about Nature,Books on Botany,Books about Geology,Books on Human Nature,Intellectual Books,Books on Astronomy,Books on History,Historical Nonfiction Books,Books on Ecology
"Stay Positive: Encouraging Quotes and Messages to Fuel Your Life with Positive Energy by Jon Gordon, Daniel Decker",Books on Positive Thinking,Motivational Books,Inspirational Books,Books on Life Coaching,Books on Mental Toughness,Books on Happiness,Books on Confidence,Self-Help Books,Books on Resilience,Books on Mindfulness,Books on Self-Esteem,Books on Fitness,Books on Self-Love,Books on Wellness,Books on Self-Care
Chasing Failure: How Falling Short Sets You Up for Success by Ryan Leak,Books on Goal Setting,Books on Resilience,Books on Success,Motivational Books,Books on Confidence,Growth Mindset Books,Books on Productivity,Books on Time Management,Books on Career Change,Books on Life Coaching,Books on Burnout,Self-Help Books,Books on Entrepreneurship,Books on Self-Awareness,Books on Excel
"Platform Revolution: How Networked Markets Are Transforming the Economy and How to Make Them Work for You by Geoffrey G. Parker, Marshall W. Van Alstyne, Sangeet Paul Choudary",Books on Digital Transformation,Books on Customer Service,Books on Digital Marketing,Books on Agile,Books on SEO,Books on Dbt,Books on Social Media Marketing,E-commerce Books,Books on Product Management,Books on Computer Networking,Books on Business Development,Books on Networking,Books on Marketing Strategy,Books on Marketing,Books on Software Engineering
"My Own Words by Ruth Bader Ginsburg, Mary Hartnett, and Wendy W. Williams",Books about the Supreme Court,Books on Civil Rights,Books on Law,Books on Feminism,Books on American History,Political Fiction Books,Books on Politics,Books on Black History,Books on Social History,Books about Justice,Books about Racism,Books about Misinformation,Books on Conservatism,Books on Journalism,Books about Watergate
Better Than Before: Mastering the Habits of Our Everyday Lives by Gretchen Rubin,Books on Habits,Books on Productivity,Books on Mindfulness,Books on Stress Management,Books on Time Management,Self-Help Books,Books on Mental Toughness,Books on Focus,Motivational Books,Books on Behavioral Economics,Books on Happiness,Books on Organization,Books on Character Development,Books on Procrastination,Books on Self-Awareness
Yoke: My Yoga of Self-Acceptance by Jessamyn Stanley,Books on Yoga,Books on Chakras,Books on Empathy,Books on Self-Esteem,Books on Healing,Books on Self-Love,Books on Buddhism,Books on Self-Care,Books on Self-Discovery,Books on Mental Health,Books on Self-Awareness,Books on Wisdom,Books on Self-Help for Women,Books on Spiritual Awakening,Books on Self-Sufficiency
A Brief History of Everything by Ken Wilber,Books on History,Books on Anthropology,Books on Evolution,Books on Geography,Books on Astronomy,Books about Geology,Books on World History,Books on Physics,Historical Nonfiction Books,Books on Social History,Intellectual Books,Books on Human Evolution,Books on Dinosaurs,Books on Cultural History,Books on Ancient History
"Trillion Dollar Coach: The Leadership Playbook from Silicon Valley’s Bill Campbell by Eric Schmidt, Jonathan Rosenberg, and Alan Eagle",CEO Books,Books on Management,Books on Business Management,Books on Team Building,Books on Business Strategy,Business Biography Books,Books on Finance,Books on Business Acumen,Books on Business Development,Books on Strategic Thinking,Books on Innovation,Books on Leadership,Books on Entrepreneurship,Books on Managing People,Books on Venture Capital
"So You Want to Start a Podcast: Finding Your Voice, Telling Your Story, and Building a Community That Will Listen by Kristen Meinzer",Books on Networking,Books on Interviewing,Books on Content Creation,Books about Career Development,Books on Marketing,Books on Entrepreneurship,Books on Social Skills,Books about Personal Development,Books on Presentation Skills,Books on Public Speaking,Books on Social Media Marketing,Books on Communication,Books on Advertising,Books on Blogging,Books on Conversation
"How Women Rise: Break the 12 Habits Holding You Back From Your Next Raise, Promotion, or Job by Sally Helgesen, Marshall Goldsmith",Books on Leadership for Women,Books on Career Change,Books on Self-Help for Women,Books on Confidence,Books on Feminism,Books about Career Development,Books on Success,Motivational Books,Books on Goal Setting,Books on Networking,Books about Women Empowerment,Books about Women's Health,Books on Mental Toughness,Books about Personal Development,Books on Entrepreneurship
"Stamped: Racism, Antiracism, and You by Jason Reynolds, Ibram X. Kendi",Books on Black History,Books about Racism,Books on Civil Rights,Books on Social History,Books on Cultural History,Books on Sociology,Books about Diversity,Books about Misinformation,Books on American History,Books on Conservatism,Books on Color Theory,Books on Politics,Books on Political Science,Books about African History,Books on Slavery
The Tapping Solution: A Revolutionary System for Stress-Free Living by Nick Ortner,Books on Stress Management,Books on Burnout,Books on Wellness,Books on Happiness,Books on Mindfulness,Books on Meditation,Books on Zen,Life-Changing Books,Books on Anxiety,Books on Yoga,Books on Mental Health,Books on Minimalism,Self-Help Books,Books on Buddhism,Books on Self-Care
Conversation Casanova: How to Effortlessly Start Conversations and Flirt Like a Pro by Dave Perotta,Books on Charisma,Books on Body Language,Books on Conversation,Books on Presentation Skills,Books on Communication,Books on Interviewing,Books on Social Skills,Books on Networking,Books on Negotiation,Books on Public Speaking,Books on Confidence,Books on Conflict Resolution,Books on Emotional Intelligence,Books on Social Anxiety,Books on Etiquette
"Designing Your Life: How to Build a Well-Lived, Joyful Life by Bill Burnett, Dave Evans",Books on Interior Design,Books on Minimalism,Books on Simplicity,Books on Happiness,Books on Life Coaching,Books on Design,Books on Stress Management,Books on Self-Sufficiency,Books on Creativity,Books on Character Development,Books on Self-Care,Books about Personal Development,Books on Self-Love,Books on Time Management,Books on Graphic Design
"The First-Time Manager by Loren B. Belker, Jim McCormick, and Gary S. Topchik",Books on Managing People,Books on Team Building,Books on Management,Books on Business Management,Books on Coaching,Books on Hiring,Books on Leadership,Books on Success,Books on Entrepreneurship,Books on Networking,Books on Business Development,Books on Interviewing,Books on Sales,Books on Goal Setting,Books on Communication
"Clanlands: Whisky, Warfare, and a Scottish Adventure Like No Other by Sam Heughan, Graham McTavish",Books on Irish History,Books about Scotland,Books on Vikings,Books on Adventure,Books on Medieval History,Books on Norse Mythology,Books on European History,Books about Pirates,Books on British History,Books on Native American History,Books on Indian History,Books about Dragons,Books about Traditions,Books on the Crusades,Books on English History
"The Energy Bus: 10 Rules to Fuel Your Life, Work, and Team with Positive Energy by Jon Gordon",Motivational Books,Books on Sustainability,Books on Team Building,Books on Productivity,Books on Wellness,Self-Help Books,Books on Positive Thinking,Inspirational Books,Books on Fitness,Books on Goal Setting,Books on Self-Sufficiency,Books on Health,Books on Character Development,Books on Mental Toughness,Books on Coaching
The Souls of Black Folk by W.E.B. Du Bois,Books on Black History,Books about African History,Books on Slavery,Books about Racism,Books on Civil Rights,Books about Native Americans,Books about Colonialism,Books about the Human Condition,Books on Social History,Books on Native American History,Books about New Orleans,Books about Human Rights,Books about Identity,Books on Mexican History,Books about Africa
Capital in the 21st Century by Thomas Piketty,Books on Economics,Books on Capitalism,Books on Taxes,Books on Finance,Books on Macroeconomics,Books on Socialism,Books on Wall Street,Books on Politics,Books on Political Science,Books on Political Philosophy,Books on Social History,Books on Accounting,Books on Investment Banking,Books on Benjamin Franklin,Books on Investing
"Lifespan: Why We Age — and Why We Don't Have to by David A. Sinclair, PhD",Books on Aging,Books on Longevity,Books on Health,Life-Changing Books,Books on Wellness,Books on Wisdom,Books on Fitness,Books on Nutrition,Books on Dementia,Books on Sleep,Books about Life Lessons,Books on Self-Care,Books on Happiness,Books on Character Development,Books on Mental Health
The Elephant in the Brain: Hidden Motives in Everyday Life by Kevin Simler & Robert Hanson,Books on Human Behavior,Books on Behavioral Economics,Books on Human Nature,Books on Psychology,Books on Logic,Self-Help Books,Books on Decision Making,Books on Ethics,Books on Sociology,Books on Neuroscience,Books on Emotional Intelligence,Books on Happiness,Books on Business,Books on Neuromarketing,Books on Philosophy
The 7-Day Startup: You Don't Learn Until You Launch by Dan Norris,Books on Startups,Books on Product Management,Books on Marketing Strategy,Books on Venture Capital,Books on Business Strategy,Books on Sales,Books on Business Acumen,Books on Agile,CEO Books,Books on Selling,Books on Investing for Beginners,Books on Business Management,Books on Business Development,Books on Management,Books on Accounting
Decoded: The Science Behind Why We Buy by Phil Barden,Books on Behavioral Economics,Books on Neuromarketing,Books on Statistics,Books on Logic,Books on Economics,Books on Probability,Books on Business,Books on Game Theory,Books on Data Analytics,Books on Critical Thinking,Books on Human Behavior,Books on Psychology,Books on Marketing,Books on Decision Making,Books on Customer Service
You Can Win: A Step by Step Tool for Top Achievers by Shiv Khera,Books on Coaching,Books on Excel,Motivational Books,Books on Goal Setting,Books on Success,Self-Help Books,Growth Mindset Books,Books on Productivity,Books on Confidence,Books on Mental Toughness,Books on Self-Awareness,Books on Networking,Books on Leadership,Books on Team Building,Books on Managing People
"The Autistic Brain: Helping Different Kinds of Mind Succeed by Temple Grandin, Richard Panek",Books on Autism,Books on ADHD,Books on Neuroscience,Books on Cognitive Behavioral Therapy,Books on Borderline Personality Disorder,Books on Education,Books on Mental Health,Books on NLP,Books on Memory,Books on Teaching,Books on Psychology for Beginners,Books on Psychology,Books on Improving Memory,Books on Bipolar Disorder,Psychiatry Books
Warrior Goddess Training: Become the Woman You Are Meant to Be by HeatherAsh Amara,Books on Tantra,Books on Yoga,Books on Buddhism,Books on Spiritual Awakening,Books on Eastern Philosophy,Books on Hinduism,Books on Self-Help for Women,Books on Spirituality,Books on Chakras,Books on Leadership for Women,Books on Paganism,Books on Mental Toughness,Books on Confidence,Books on Indian Philosophy,Books on Feminism
The Wim Hof Method: Activate Your Full Human Potential by Wim Hof,Books on Mental Toughness,Books on Mindfulness,Motivational Books,Self-Help Books,Books on Manifestation,Books on Self-Awareness,Books on Self-Love,Books on Confidence,Books on Self-Discovery,Books on Self-Care,Books on Productivity,Books on Psychology,Books on Self-Help for Women,Books on Self-Esteem,Books on Happiness
Einstein: His Life and Universe by Walter Isaacson,Books on Physics,Books on Astrophysics,Books on Astronomy,Books on Quantum Physics,Books on Quantum Mechanics,Books on Metaphysics,Books on UFOs,Books on Mathematics,Books on Engineering,Books on Numerology,Books on Consciousness,Books on Evolution,Books on Logic,Intellectual Books,Books on Philosophy
Turning Pro: Tap Your Inner Power and Create Your Life’s Work by Steven Pressfield,Books on Finding Your Passion,Books on Confidence,Motivational Books,Books on Goal Setting,Books on Manifesting,Books on Creativity,Books on Mental Toughness,Books on Self-Help for Women,Books on Leadership for Women,Books on Career Change,Books on Self-Love,Books on Productivity,Books on Self-Discovery,Books on Excel,Books on Networking
Coaching for Performance: Growing Human Potential and Purpose — The Principles and Practice of Coaching and Leadership by John Whitmore,Books on Coaching,Growth Mindset Books,Books on Team Building,Books on Managing People,Motivational Books,Books on Psychology,Books on Success,Books on Productivity,Books on Leadership,Books on Goal Setting,Self-Help Books,Books on Excel,Books on Teaching,Books on Character Development,Books on Emotional Intelligence
"Running on Empty: Overcome Your Childhood Emotional Neglect by Jonice Webb, Ph.D.",Books on Autism,Books on Depression,Books on PTSD,Psychiatry Books,Books on Healing,Books on Bipolar Disorder,Books on Trauma,Books on Mental Health,Books on Codependency,Books on ADHD,Books on Narcissistic Abuse,Books on Narcissism,Books about Childhood Trauma,Books on Parenting,Books on Self-Esteem
"Four Hundred Souls: A Community History of African America, 1619-2019 by Ibram X. Kendi and Keisha N. Blain",Books on Black History,Books about African History,Books on Civil Rights,Books on American History,Books on Slavery,Books on Social History,Books on Mexican History,Books on Native American History,Books about Racism,Books about Native Americans,Books on Cultural History,Books about Colonialism,Historical Nonfiction Books,Books about New Orleans,Books on European History
"The Energy Plan: Eat Smart, Feel Strong, Perform at Your Peak by James Collins",Books on Fitness,Books on Nutrition,Books on Longevity,Books on Fasting,Books on Wellness,Books on Keto Diet,Books on Strength Training,Books on Intermittent Fasting,Books on Health,Books on Food,Books on Weight Loss,Books on Veganism,Books on Self-Sufficiency,Books on Mediterranean Diet,Books on Self-Care
Is Everyone Hanging Out Without Me (And Other Concerns) by Mindy Kaling,Books on Social Anxiety,Books on Mental Health,Books on Anxiety,Books on Bipolar Disorder,Books on Depression,Books on Narcissism,Books on Borderline Personality Disorder,Books on Relationships,Books on Social Skills,Books on Happiness,Books on Self-Care,Books on Anger Management,Books on Burnout,Books on Stress Management,Books on Mindfulness
"Change Your Brain, Change Your Life: The Breakthrough Program for Conquering Anxiety, Depression, Obsessiveness, Lack of Focus, Anger, and Memory Problems by Daniel G. Amen, M.D.",Books on Cognitive Behavioral Therapy,Books on Anxiety,Books on Neuroscience,Books on Bipolar Disorder,Books on ADHD,Books on Depression,Books on Focus,Books on Memory,Books on Mental Health,Books on Mindfulness,Books on Stress Management,Books on Improving Memory,Books on Borderline Personality Disorder,Books on PTSD,Books on Anger Management
The Advantage: Why Organizational Health Trumps Everything Else in Business by Patrick Lencioni,Books on Operations Management,Books on Business Management,Books on Managing People,Books on Management,Books on Team Building,Books on Business Strategy,Books on Leadership,Books on Business Development,Books on Organization,Books on Strategic Thinking,Books on Business Acumen,Books on Productivity,Books on Entrepreneurship,Books on Success,Books on Excel
Jony Ive: The Genius Behind Apple's Greatest Products by Leander Kahney,Books on Product Design,Books on Innovation,Books on Technical Analysis,Books on Design Thinking,Books on Design,Books on Game Design,Books on Software Engineering,Books on UX Design,Books on Technology,Books on Agile,Books on Engineering,Books on Product Management,Books on Software Architecture,Books on Creativity,Books on Programming
It’s Not About You: A Brief Guide to a Meaningful Life by Tom Rath,Books on Life Coaching,Books about Life Lessons,Books on Finding Your Purpose,Books on Happiness,Books on Wisdom,Books on Finding Your Passion,Books on Self-Awareness,Books on Self-Discovery,Books on Self-Care,Books on Burnout,Books on Character Development,Books on Self-Love,Books on Self-Help for Women,Books about Finding Yourself,Life-Changing Books
Hidden Valley Road: Inside the Mind of an American Family by Robert Kolker,Books on American History,Books on Cultural History,Books on Black History,Autobiography Books,Books on Social History,Books on Abraham Lincoln,Books on JFK,Books about African History,Books about Family,Books on History,Books on the American Revolution,Books on Indian History,Books on Mexican History,Books on Parenting,Historical Nonfiction Books
"Expecting Better: Why the Conventional Pregnancy Wisdom is Wrong and What You Really Need to Know by Emily Oster, Ph.D.",Books on Pregnancy,Books on Fatherhood,Books on Parenting,Books about Women's Health,Books on Menopause,Books on Self-Help for Women,Books on Self-Care,Men's Health Books,Books about Motherhood,Books on Self-Esteem,Books on Mental Health,Psychiatry Books,Books on Aging,Books on Health,Books on Marriage
Rising Strong: The Reckoning. The Rumble. The Revolution. by Dr. Brené Brown,Books on the Crusades,Books on Reconstruction,Books on History,Books on Winston Churchill,Books on Alexander the Great,Books on World History,Books on War,Books on the Revolutionary War,Books on Napoleon,Books on Social History,Books on Military History,Books on Benjamin Franklin,Books on the American Revolution,Books on the Napoleonic Wars,Books on the Civil War
Music Theory: From Absolute Beginner to Expert — The Ultimate Step-By-Step Guide to Understanding and Learning Music Theory Effortlessly by Nicolas Carter,Books on Music Theory,Books on Music Production,Books on Psychology for Beginners,Books on Learning,Books on Songwriting,Books on Coding for Beginners,General Knowledge Books,Books on Coaching,Books on Creativity,Books on Writing,Books on Excel,Books on Teaching,Books on Art History,Books on Drawing,Books on Improving Memory
Unshakeable: Your Financial Freedom Playbook by Tony Robbins and Peter Mallouk,Financial Literacy Books,Books on Financial Independence,Books on Budgeting,Books on Retirement,Books on Investing,Books on How to Make Money,Books on Finance,Books on Business Acumen,Books on Investing for Beginners,Books on Goal Setting,Books on Entrepreneurship,Books on Investment Banking,Motivational Books,Books on Private Equity,Growth Mindset Books
Real Artists Don’t Starve: Timeless Strategies for Thriving in the New Creative Age by Jeff Goins,Books on Creativity,Books on Art History,Books on Drawing,Books on Graphic Design,Books on Writing,Books on Design,Books on Design Thinking,Books on Songwriting,Books on Typography,Books on Photography,Books on Filmmaking,Books about Career Development,Books on Writing Fiction,Books about Art,Books on Screenwriting
The Six Pillars of Self-Esteem by Nathaniel Branden,Books on Self-Esteem,Books on Self-Awareness,Books on Self-Love,Books on Self-Discovery,Books on Character Development,Books on Self-Care,Books on Self-Help for Women,Books on Emotional Intelligence,Books on Confidence,Books on Mental Toughness,Books on Life Coaching,Books on Wisdom,Books on Mental Health,Books on Psychology,Self-Help Books
Orientalism by Edward W. Said,Books on Cultural History,Books on Chinese History,Books on Western Philosophy,Books on Asian History,Books on French History,Books on History,Books on Social History,Books on European History,Books on Ancient History,Books on World History,Books on the Middle Ages,Books on Medieval History,Books on Paganism,Books on Philosophy,Books on Anthropology
Immunity: The Science of Staying Well — The Definitive Guide to Caring for Your Immune System by Dr. Jenna Macciochi,Books on Wellness,Books on Ayurveda,Books on Health,Books on Anti-Inflammatory Diet,Books on Gut Health,Books on Yoga,Books on Herbalism,Books on Nutrition,Books on Anatomy,Books on Healing,Books on Self-Care,Books on Longevity,Books on Aging,Books on Mushrooms,Books on Mediterranean Diet
The Art of Manliness: Classic Skills and Manners for the Modern Man by Brett and Kate McKay,Books on Masculinity,Books on Etiquette,Books on Character Development,Books on Boundaries,Books on Discipline,Men's Health Books,Books on Stoicism,Books on Feminism,Books on Marriage,Books on Menopause,Books on Charisma,Books on How to Please a Woman Sexually,Books on Social Skills,Books on Body Language,Books on Human Nature
My Life and Work by Henry Ford,Business Biography Books,Books about the Industrial Revolution,Books on Innovation,Books on Management,Books about Theodore Roosevelt,Books on Leadership,Books about Teamwork,Books on American History,Books on Entrepreneurship,Books about Career Development,Books on Business Management,Books on Engineering,CEO Books,Books on Business Strategy,Books on Operations Management
"Awaken the Giant Within: How to Take Immediate Control of Your Mental, Emotional, Physical and Financial Destiny! by Anthony Robbins",Books on Manifestation,Growth Mindset Books,Motivational Books,Books on Manifesting,Books on Goal Setting,Books on Positive Thinking,Books on Mental Toughness,Books on Self-Awareness,Self-Help Books,Books on Mindfulness,Books on Life Coaching,Books on Resilience,Books on Success,Books on Law of Attraction,Books on Confidence
"Rocket Fuel: The One Essential Combination That Will Get You More of What You Want from Your Business by Gino Wickman, Mark Winters",Books on Business Acumen,Books on Business Development,Books on Business Management,CEO Books,Books on Sales,Books on Marketing Strategy,Books on Business Strategy,Books on Selling,Books on Affiliate Marketing,Books on Small Business,Books on Management,Books on Product Management,Books on Startups,Business Biography Books,Books on Business
How Brands Grow: What Marketers Don’t Know by Professor Byron Sharp,Books on Branding,Books on Marketing,Books on Advertising,Books on Marketing Strategy,Books on Product Management,Books on Selling,Books on Sales,Books on Business Development,Books on Business Management,Books on Customer Service,Books on Management,Books on Business Acumen,Books on Networking,Books on Entrepreneurship,Books on Business
Astrophysics for People in a Hurry by Neil deGrasse Tyson,Books on Astrophysics,Books on Astronomy,Books on Physics,Books on Quantum Physics,Books on UFOs,Books on Quantum Mechanics,Books on Metaphysics,Books on Law of Attraction,Books on Consciousness,Books on Lucid Dreaming,Books on Mathematics,Books on Manifestation,Books on Transcendentalism,Books on Tarot,Books on Logic
"Finding Ultra: Rejecting Middle Age, Becoming One of the World's Fittest Men, and Discovering Myself by Rich Roll",Men's Health Books,Books on Fitness,Books on Longevity,Books on Menopause,Books on Bodybuilding,Books on Self-Esteem,Books on Masculinity,Books on Life Coaching,Books on Health,Books on Self-Care,Books on Nutrition,Books on Weight Loss,Books on Self-Discovery,Life-Changing Books,Books on Aging
"The Courage to Be Disliked: The Japanese Phenomenon That Shows You How to Change Your Life and Achieve Real Happiness by Ichiro Kishimi, Fumitake Koga",Books on Positive Thinking,Books on Happiness,Motivational Books,Books on Mindfulness,Books on Zen,Books on Life Coaching,Self-Help Books,Books on Buddhism,Books on Self-Love,Books on Success,Books on Manifestation,Books on Confidence,Books on Japanese History,Books on Psychology,Books on Change Management
Humankind: A Hopeful History by Rutger Bregman,Books on Human Nature,Books on Human Evolution,Books on Evolution,Books on Philosophy,Books on Human Behavior,Books on Atheism,Books on Existentialism,Books on Western Philosophy,Books on History,Books on Anthropology,Books on Social History,Books on Ethics,Books on Cultural History,Books on Religion,Books on Consciousness
Billion Dollar Loser: The Epic Rise and Spectacular Fall of Adam Neumann and WeWork by Reeves Wiedeman,CEO Books,Books on Finance,Business Biography Books,Books on Business Strategy,Books on Private Equity,Books on Business Management,Books on Accounting,Books on Management,Books on Business Acumen,Books on Innovation,Books on Sales,Books on Investing,Books on Business Development,Books on Startups,Books on Wall Street
Thinkertoys: A Handbook of Creative-Thinking Techniques by Michael Michalko,Books on Creativity,Books on Critical Thinking,Books on Problem Solving,Books on Learning,Books on Decision Making,Books on Coaching,Books on Excel,Books on Strategic Thinking,Books on Design Thinking,Books on Goal Setting,Motivational Books,Books on Productivity,Self-Help Books,Books on Improving Memory,Books on Drawing
Beyond Order: 12 More Rules for Life by Jordan B. Peterson,Books on Life Coaching,Books on Discipline,Books on Character Development,Books on Etiquette,Books on Wisdom,Books on Stoicism,Self-Help Books,Books on Finding Your Purpose,Books on Happiness,Books on Mental Toughness,Books on Self-Awareness,Books on Stress Management,Books on Western Philosophy,Books on Boundaries,Books on Organization
Etched in Sand: A True Story of Five Siblings Who Survived an Unspeakable Childhood on Long Island by Regina Calcaterra,Books about Childhood Trauma,Books about Childhood Memories,Books about Overcoming Adversity,Books about Family,Books about Loneliness,Books about Adoption,Books about the Holocaust,Books about Sibling Relationships,Books about Immigration,Books about Solitude,Books about Friendship,Books about Identity,Books about the Troubles,Autobiography Books,Books about Native Americans
Eating Animals by Jonathan Safran Foer,Books on Vegetarianism,Books on Veganism,Books about Animals,Books on Food,Books on Eating Disorders,Books about Nature,Books about Birds,Books on Human Evolution,Books about Plants,Books about Dogs,Books about Biology,Books on Human Nature,Books on Dinosaurs,Books on Survival,Books about Cats
"Meditation for Fidgety Skeptics: A 10% Happier How-To Book by Dan Harris, Jeff Warren, Carlye Adler",Books on Meditation,Books on Zen,Books on Buddhism,Books on Yoga,Books on Eastern Philosophy,Books on Mindfulness,Books on Spiritual Awakening,Books on Taoism,Books on Spirituality,Books on Wisdom,Books on Tantra,Life-Changing Books,Books on Transcendentalism,Books on Happiness,Books on Consciousness
True Love by Jennifer Lopez,Books about Love,Books about Dating,Books about Friendship,Books on Relationships,Books on Divorce,Books on Marriage,Books about Sibling Relationships,Books on Polyamory,Books about Emotions,Books about Personal Development,Books about Family,Books on Attachment Theory,Books about Life Lessons,Books on Self-Love,Books about Loneliness
Out of the Crisis by W. Edwards Deming,Books on Economics,Books on the Great Depression,Books on Wall Street,Books on Capitalism,Books on Macroeconomics,Books on Taxes,Books on Presidents,Books on Politics,Books on Iraq War,Books on WW1,Books on Reconstruction,Books on Benjamin Franklin,Books on the Cold War,Books on Public Health,Books on War
"Blood, Sweat, and Pixels: The Triumphant, Turbulent Stories Behind How Video Games Are Made by Jason Schreier",Books about Video Games,Books on Game Design,Books on Filmmaking,Books on Product Design,Books on Innovation,Books on Programming,Books on UX Design,Books on Design,Books on Technical Analysis,Books on Storytelling,Books on Technology,Books on Cinematography,Books on Engineering,Books on Design Thinking,Books on Content Creation
Attitude is Everything: Change Your Attitude and Change Your Life by Jeff Keller,Books on Change Management,Books on Positive Thinking,Motivational Books,Books on Happiness,Books on Character Development,Growth Mindset Books,Books on Resilience,Books on Life Coaching,Books on Mindfulness,Books on Goal Setting,Books on Psychology,Books on Confidence,Books on Stress Management,Self-Help Books,Books on Success
The Road to Wigan Pier by George Orwell,Books on Communism,Books on Socialism,Books on Anarchism,Books on Political Philosophy,Books on Stalin,Books on Existentialism,Books about Totalitarianism,Books on Propaganda,Books on Political Science,Books on Social History,Books on Conservatism,Books on Slavery,Books on Winston Churchill,Books on Politics,Books on the Crusades
"Tao Te Ching by Lao-Tzu, John Minford",Books on Taoism,Books on Feng Shui,Books on Zen,Books on Buddhism,Books on Eastern Philosophy,Books on Chinese History,Books on Western Philosophy,Books on Meditation,Books on Tantra,Books on Spiritual Awakening,Books on Golang,Books on Indian Philosophy,Books on Hinduism,Books on Philosophy,Books on Asian History
Keep It Moving: Lessons for the Rest of Your Life by Twyla Tharp,Motivational Books,Books on Resilience,Inspirational Books,Books on Productivity,Books on Life Coaching,Books on Change Management,Books on Goal Setting,Growth Mindset Books,Books on Time Management,Books on Stress Management,Books about Life Lessons,Books on Character Development,Books on Career Change,Self-Help Books,Books on Mental Toughness
How We Got to Now: Six Innovations That Made the Modern World by Steven Johnson,Books on Innovation,Books on Technology,Books on History,Books on Design,Books on Engineering,Books on Philosophy,Books on Critical Thinking,Books on Design Thinking,Books on Creativity,Books on Digital Transformation,Books on Sociology,Books on Human Behavior,Books on World History,Books on Game Design,Books on Logic
It’s OK That You’re Not OK: Meeting Grief and Loss in a Culture That Doesn’t Understand by Megan Devine,Books on Grief,Books on Healing,Books on Forgiveness,Books on Empathy,Books on Trauma,Books about Emotions,Books on Depression,Books on PTSD,Books on Mental Health,Books on Resilience,Books about Self-Harm,Books about Gratitude,Books about Loneliness,Books on Self-Awareness,Books on Emotional Intelligence
Seeing What Others Don’t: The Remarkable Ways We Gain Insights by Dr. Gary Klein,Books on Critical Thinking,Books on Wisdom,Books on Problem Solving,General Knowledge Books,Books on Psychology,Books on Human Behavior,Books on Learning,Books on Creativity,Books on Decision Making,Books on Behavioral Economics,Books on Logic,Books on Neuromarketing,Books on Neuroscience,Books on Psychology for Beginners,Books on Conversation
HBR’s 10 Must Reads on Emotional Intelligence by Harvard Business Review,Books on Emotional Intelligence,Books on Communication,Books on Psychology,Books on Social Skills,Books on Mental Health,Books on Self-Awareness,Self-Help Books,Books on Behavioral Economics,Books on Character Development,Books on Conversation,Books on Leadership,Books on Business,Books on Relationships,Books on Mental Toughness,Books on Self-Love
"The Autobiography of Malcolm X by Malcolm X, Alex Haley, M. S. Handler",Books on Civil Rights,Books about the Supreme Court,Books on Abraham Lincoln,Books on Black History,Books on American History,Books on JFK,Books on Thomas Jefferson,Books about Theodore Roosevelt,Books on JFK Assassination,Books on Slavery,Books on Winston Churchill,Books on the American Revolution,Books about African History,Books on the Civil War,Books on George Washington
Don’t Forget Your Crown by Derrick Jaxn,Books on Napoleon,Books on Mental Toughness,Books on Success,Books on Confidence,Books on Genghis Khan,Books on Discipline,Books on Resilience,Books on Goal Setting,Books on Military History,Books on Military Strategy,Motivational Books,Books on Self-Discovery,Autobiography Books,Books about Personal Development,Books on Alexander the Great
"Bag Man: The Wild Crimes, Audacious Cover-up, and Spectacular Downfall of a Brazen Crook in the White House by Rachel Maddow, Michael Yarvitz",Books about Watergate,Books on CIA,Books about Corruption,Books about Surveillance,Books about Government,Books about Conspiracy Theories,Books on Journalism,Books about the Mafia,Books Based on True Stories,Books about Power,Books about Crime,Books about Bureaucracy,Books about the Supreme Court,Books on 9/11,Books on JFK
"Medical Medium Cleanse to Heal: Healing Plans for Sufferers of Anxiety, Depression, Acne, Eczema, Lyme, Gut Problems, Brain Fog, Weight Issues, Migraines, Bloating, Vertigo, Psoriasis, Cysts, Fatigue, Pcos, Fibroids, Uti, Endometriosis & Autoimmune by Anthony William",Books on Gut Health,Books on Diabetes,Books on Anti-Inflammatory Diet,Books on Anatomy,Books on Dementia,Books about OCD,Books on Eating Disorders,Books on Mushrooms,Books on Bipolar Disorder,Books on Wellness,Books on Health,Books on Binge Eating,Books on Anxiety,Books on Ayurveda,Books on Nutrition
Craft in the Real World: Rethinking Fiction Writing and Workshopping by Matthew Salesses,Books on Writing Fiction,Books on Writing,Books on Copywriting,Books on Screenwriting,Books on Storytelling,Books on Drawing,Books on Creativity,Fiction Books,Books on Content Creation,Books on Typography,Books on Graphic Design,Books on Coding for Beginners,Books on Filmmaking,Books on Design,Books on Design Thinking
"Living Forward: A Proven Plan to Stop Drifting and Get the Life You Want by Michael Hyatt, Daniel Harkavy",Books on Life Coaching,Books on Burnout,Books on Resilience,Books on Goal Setting,Motivational Books,Books on Stress Management,Books on Happiness,Books on Change Management,Books on Success,Books on Career Change,Books on Time Management,Books on Confidence,Books on Self-Care,Books on Positive Thinking,Books on Self-Awareness
"The Power of a Positive No: Save the Deal, Save the Relationship and Still Say No by William Ury",Books on Negotiation,Books on Conflict Resolution,Books on Boundaries,Books on Emotional Intelligence,Books on Communication,Books on Relationships,Books on Empathy,Books on Conversation,Books on Forgiveness,Books on Social Skills,Books on Psychology,Books on Character Development,Books on Anger Management,Self-Help Books,Books on Self-Help for Women
American Prison: A Reporter's Undercover Journey into the Business of Punishment by Shane Bauer,Books about Surveillance,Books about Government,Books on Journalism,Books about Bureaucracy,Books about Watergate,Books about Corruption,Books on CIA,Books about the Supreme Court,Books about Crime,Books about Totalitarianism,Books on Law,Books about Power,Books Based on True Stories,Political Fiction Books,Books about Conspiracy Theories
Between Two Kingdoms: What Almost Dying Taught Me about Living by Suleika Jaouad,Books on Egypt,Books on Cultural History,Books on Islam,Books on Irish History,Books about the Middle East,Books about Life Lessons,Books about Traditions,Books about Cultures,Books on European History,Books on Survival,Books on World History,Books on Medieval History,Books on the Middle Ages,Books on Egyptian Mythology,Books on Ancient History
"Sex at Dawn: How We Mate, Why We Stray, and What It Means for Modern Relationships by Christopher Ryan, Cacilda Jethá",Books on Polyamory,Books on Marriage,Books on Sex,Books on Attachment Theory,Books on Relationships,Books on How to Please a Woman Sexually,Books on Divorce,Books on Menopause,Books on Seduction,Books on Human Behavior,Books on Communication,Books on Feminism,Books on Masculinity,Books on Human Nature,Books on Psychology
Fear Is Not the Boss of You: How to Get Out of Your Head and Live the Life You Were Made For by Jennifer Allwood,Books on Life Coaching,Motivational Books,Books on Confidence,Books on Positive Thinking,Books on Resilience,Books on Self-Esteem,Books on Self-Awareness,Books on Self-Love,Books on Mental Toughness,Books on Finding Your Passion,Books on Goal Setting,Books on Self-Help for Women,Books on Self-Discovery,Books on Happiness,Books on Anxiety
"Masters of Scale: Surprising Truths from the World’s Most Successful Entrepreneurs by Reid Hoffman, June Cohen, Deron Triff",Business Biography Books,CEO Books,Books on Startups,Books on Venture Capital,Books on Business Strategy,Books on Finance,Books on Business Acumen,Books on Business Management,Books on Innovation,Books on Management,Books on Marketing Strategy,Books on Leadership,Books on Business Development,Books on Entrepreneurship,Books on Strategic Thinking
"Lateral Thinking: Creativity Step by Step by Edward de Bono, Dr.",Books on Creativity,Books on Critical Thinking,Books on Problem Solving,Books on Learning,Books on Innovation,Books on Design Thinking,Books on Decision Making,Books on Coaching,Books on Managing People,Books on Strategic Thinking,Books on Writing,Books on Improving Memory,Books on Drawing,Books on Design,Growth Mindset Books
Be Here Now by Ram Dass,Books on Meditation,Books on Buddhism,Books on Zen,Books on Spiritual Awakening,Books on Hinduism,Life-Changing Books,Books on Indian Philosophy,Books on Karma,Books on Consciousness,Books on Mindfulness,Books on Transcendentalism,Self-Help Books,Books on Yoga,Books on Eastern Philosophy,Books on Manifestation
Trust: America’s Best Chance by Pete Buttigieg,Books on Democracy,Books on Conservatism,Books on Politics,Books on American History,Books on Propaganda,Books on Journalism,Books on Political Science,Books on Presidents,Books on the Cold War,Books on the Great Depression,Books on Capitalism,Books on the American Revolution,Books on Political Philosophy,Books on Social History,Books on George Washington
This Is Me Letting You Go by Heidi Priebe,Books on Healing,Books on Depression,Books on Forgiveness,Books on Grief,Books on Divorce,Books on Burnout,Books on Codependency,Books on Anger Management,Books on Narcissism,Books on Empathy,Books on Self-Care,Books on Bipolar Disorder,Books on Mental Health,Books on Anxiety,Books on Boundaries
"Walden; or, Life in the Woods by Henry David Thoreau",Books about Nature,Books about Hiking,Books on Mountaineering,Books on Human Evolution,Books on Ecology,Books on Native American History,Books on Evolution,Books on Botany,Books on Adventure,Books on Anthropology,Books on Survival,Books about Trees,Books on Vikings,Books about Birds,Exploration Books
Reasons to Stay Alive by Matt Haig,Books on Longevity,Life-Changing Books,Books on Health,Books on Life Coaching,Books on Wellness,Books on Survival,Books on Aging,Books on Mental Health,Books about Life Lessons,Books on Resilience,Inspirational Books,Books on Grief,Self-Help Books,Books on Dementia,Books on Sobriety
"Психологічна допомога by За матеріалами Центру громадського здоров’я, Міністерства охорони здоровʼя (МОЗ) України та платформи «ВзаємоДія»",Books about Russia,Books on Russian History,Books on Russian Revolution,Books about Chernobyl,Books about Women Empowerment,Books on Putin,Books about Cats,Books about OCD,Books about Misinformation,Books about Women's Health,Books about Finding Yourself,Books about Scotland,Books about Self-Harm,Books about Hitler,Books about Ireland
"Tomorrow Sex Will Be Good Again: Women and Desire in the Age of Consent by Katherine Angel, Ph.D.",Books on How to Please a Woman Sexually,Books on Sex,Books on Feminism,Books on Polyamory,Books on Seduction,Books on Masculinity,Books on Marriage,Books about Human Sexuality,Books on Narcissistic Abuse,Books on Ethics,Books about Sexual Assault,Books on Menopause,Books on Divorce,Books on Codependency,Books about Morality
"Stop Overthinking: 23 Techniques to Relieve Stress, Stop Negative Spirals, Declutter Your Mind, and Focus on the Present by Nick Trenton",Books on Anxiety,Books on Stress Management,Books on Depression,Books on Mindfulness,Books on Positive Thinking,Books on Meditation,Books on Cognitive Behavioral Therapy,Books on Bipolar Disorder,Books on Mental Health,Books on Anger Management,Books on PTSD,Books on Self-Care,Books on Mental Toughness,Self-Help Books,Books on Focus
The Anatomy of Human Destructiveness by Erich Fromm,Books on Human Nature,Books on Human Behavior,Books on Ethics,Books on Philosophy,Books on Western Philosophy,Books on Atheism,Books on Consciousness,Books on Existentialism,Books on Plato,Books on Narcissism,Books on Logic,Books on Apologetics,Books on Stoicism,Books on Sociology,Books on Psychology
Silent Spring by Rachel Carson,Books about Trees,Books about Nature,Historical Nonfiction Books,Books about Birds,Books about Traditions,Books about Plants,Books about Crystals,Books on Anthropology,Books about Animals,Books about Biology,Books about the Holocaust,Books about Fate,Books about the Human Condition,Books about Reincarnation,Books about Native Americans
"The Molecule of More: How A Single Chemical in Your Brain Drives Love, Sex, and Creativity — and Will Determine the Fate of the Human Race by Daniel Z. Lieberman, MD, Michael E. Long",Books on Human Behavior,Books on Human Evolution,Books on Plato,Life-Changing Books,Books on Human Nature,Books on Evolution,Books on Neuroscience,Books on Consciousness,Books on Genetics,Books on Metaphysics,Books on Philosophy,Books on Sex,Books on Anthropology,Books on Polyamory,Books on Psychology
The Spy and the Traitor: The Greatest Espionage Story of the Cold War by Ben Macintyre,Books on CIA,Books about Surveillance,Books about Watergate,Books about Government,Books on the Cold War,Books on Journalism,Books about Conspiracy Theories,Books on JFK,Books on 9/11,Books on Propaganda,Books Based on True Stories,Books about Corruption,Books on Putin,Books about Bureaucracy,Books on Stalin
You Can Heal Your Life by Louise L. Hay,Books on Healing,Books on Self-Care,Books on Forgiveness,Books on Grief,Books on Self-Help for Women,Books on Depression,Books on Resilience,Books on Self-Love,Books on Self-Esteem,Books on Life Coaching,Books on Spiritual Awakening,Books on Trauma,Books on Self-Discovery,Books on Burnout,Books on PTSD
Entrepreneurial Negotiation: Understanding and Managing the Relationships that Determine Your Entrepreneurial Success by Samuel Dinnar and Lawrence Susskind,Books on Business Development,Books on Business Management,Books on Business Acumen,Books on Product Management,Books on Business Strategy,Books on Selling,Books on Management,Books on Networking,CEO Books,Books on Sales,Books on Marketing Strategy,Books on Entrepreneurship,Books on Small Business,Books on Managing People,Books on Negotiation
"Overwhelmed: Work, Love, and Play When No One Has the Time by Brigid Schulte",Books on Time Management,Books on Organization,Books on Stress Management,Books on Productivity,Books on Focus,Books on Procrastination,Books on Minimalism,Books on Managing People,Books on Creativity,Books on Burnout,Books on Hobbies,Books on Self-Care,Books on Mental Health,Books on Parenting,Books about Personal Development
"Mindsight: The New Science of Personal Transformation by Daniel J. Siegel, M.D.",Books on Behavioral Economics,Books on Neuroscience,Books on Mindfulness,Books on Cognitive Behavioral Therapy,Books on Psychology,Growth Mindset Books,Books on Self-Awareness,Books on Neuromarketing,Self-Help Books,Books on Manifestation,Books on Memory,Books on Mental Health,Books on Consciousness,Books on Self-Discovery,Books on Improving Memory
"Here for It: Or, How to Save Your Soul in America: Essays by R. Eric Thomas",Books on Conservatism,Books on Social History,Books on Slavery,Books on the Great Depression,Books on American History,Books on the American Revolution,Books on Civil Rights,Books on the Civil War,Books on Political Philosophy,Books on Reconstruction,Books on Politics,Books on Socialism,Books on the Cold War,Books on the Revolutionary War,Books on the Crusades
"The Parallel Parenting Solution: Eliminate Conflict with Your Ex, Create the Life You Want by Karl Knickerbocker, J.D.",Books on Parenting,Books on Conflict Resolution,Books on Divorce,Books on Anger Management,Books on Marriage,Books on Fatherhood,Books on Codependency,Books on Attachment Theory,Books on Self-Help for Women,Books on Relationships,Books on Discipline,Books on Psychology,Psychiatry Books,Books on Emotional Intelligence,Books on Communication
Man Enough: Undefining My Masculinity by Justin Baldoni,Books on Masculinity,Men's Health Books,Books on Feminism,Books on Menopause,Books on How to Please a Woman Sexually,Books on Confidence,Books on Self-Esteem,Books on Boundaries,Books on Narcissism,Books on Self-Help for Women,Books on Polyamory,Books on Charisma,Books on Mental Toughness,Books on Self-Love,Books on Leadership for Women
"Story: Substance, Structure, Style and the Principles of Screenwriting by Robert McKee",Books on Screenwriting,Books on Copywriting,Books on Writing,Books on Filmmaking,Books on Content Creation,Books on Writing Fiction,Books on Typography,Books on Storytelling,Books on Design,Books on Product Design,Books on Cinematography,Books on Creativity,Books on Drawing,Books on Graphic Design,Books on Project Management
Small Giants: Companies That Choose to Be Great Instead of Big by Bo Burlingham,CEO Books,Books on Business Management,Books on Management,Books on Business Strategy,Business Biography Books,Books on Business Acumen,Books on Strategic Thinking,Books on Leadership,Books on Business Development,Books on Entrepreneurship,Books on Small Business,Books on Startups,Books on Innovation,Books on Sales,Books on Financial Independence
Irrational Exuberance: Revised and Expanded Third Edition by Robert J. Shiller,Books on Logic,Books on Probability,Books on Critical Thinking,Books on Statistics,Books on Mathematics,Self-Help Books,Books on Psychology,Intellectual Books,Books on Calculus,Books on Philosophy,Books on Mental Health,Books on Behavioral Economics,Books on Cognitive Behavioral Therapy,Life-Changing Books,Books on Mental Toughness
The Gift of Therapy: An Open Letter to a New Generation of Therapists and Their Patients by Irvin D. Yalom,Psychiatry Books,Books on Healing,Books on Psychology,Books on Psychology for Beginners,Life-Changing Books,Books on Relationships,Books on Cognitive Behavioral Therapy,Books on Mental Health,Books on Communication,Self-Help Books,Books on Hypnosis,Books on Self-Discovery,Books on Revelation,Books on Trauma,Books on Empathy
Know My Name: A Memoir by Chanel Miller,Autobiography Books,Books about Friendship,Books about Identity,Books about Career Development,Books about Personal Development,Books about Women Empowerment,Books about Finding Yourself,Books about Women's Health,Memoir Books,Books about Jazz,Books about Musicians,Books about Music,Books about New York,Books about Art,Books about Motherhood
Science of Yoga: Understand the Anatomy and Physiology to Perfect Your Practice by Ann Swanson,Books on Yoga,Books on Ayurveda,Books on Anatomy,Books on Meditation,Books on Wellness,Books on Buddhism,Books on Eastern Philosophy,Books on Zen,Books on Chakras,Books on Calisthenics,Books on Herbalism,Books on Spiritual Awakening,Books on Hinduism,Books on Tantra,Books on Psychology for Beginners
"Cosmic Queries: StarTalk's Guide to Who We Are, How We Got Here, and Where We're Going by Neil deGrasse Tyson, James Trefil",Books on Astrophysics,Books on Astronomy,Books on Physics,Books on Metaphysics,Books on Mathematics,Books on Quantum Physics,Books on Quantum Mechanics,Books on Engineering,Books on UFOs,Books on Logic,Intellectual Books,Books on Technology,Life-Changing Books,Books about Space,Books on Law of Attraction
"If You’re So Smart, Why Aren’t You Happy? by Raj Raghunathan",Books on Happiness,Books on Mental Health,Books on Positive Thinking,Books on Self-Awareness,Books on Emotional Intelligence,Books on Mindfulness,Books on Mental Toughness,Books on Self-Love,Books on Psychology,Books on Life Coaching,Self-Help Books,Books on Self-Esteem,Books on Behavioral Economics,Books on Wisdom,Books on Self-Discovery
Lost in Work: Escaping Capitalism by Amelia Horgan,Books on Capitalism,Books on Social Work,Books on Financial Independence,Books on Economics,Books on Socialism,Books on Anarchism,Books on Entrepreneurship,Financial Literacy Books,Books on Career Change,Books on Shadow Work,Books on Macroeconomics,Books on Finance,Books on Business Development,Books on Wall Street,Books about Career Development
How to Get On with Anyone: Gain the Confidence and Charisma to Communicate with Any Personality Type by Catherine Stothart,Books on Charisma,Books on Social Skills,Books on Body Language,Books on Confidence,Books on Communication,Books on Conversation,Books on Social Anxiety,Books on Emotional Intelligence,Books on Interviewing,Books on Networking,Books on Presentation Skills,Books on Negotiation,Books on Relationships,Books on Character Development,Books on Public Speaking
"Wired to Create: Unraveling the Mysteries of the Creative Mind by Scott Barry Kaufman, Ph.D., Carolyn Gregoire",Books on Creativity,Books on Design Thinking,Books on Drawing,Books on Design,Books on Writing,Books on Problem Solving,Books on Learning,Books on Graphic Design,Books on Product Design,Books on Art History,Books on Critical Thinking,Books on Writing Fiction,Books on Improving Memory,Books on Game Design,Books on Manifesting
Heartland: A Memoir of Working Hard and Being Broke in the Richest Country on Earth by Sarah Smarsh,Books on Social Work,Books on Economics,Books about Poverty,Books on Social History,Books on Macroeconomics,Books on Capitalism,Books on Taxes,Books on Financial Independence,Financial Literacy Books,Books on American History,Books about Immigration,Books on Public Health,Books on Socialism,Books about India,Books on the Great Depression
"Detox Your Thoughts: Quit Negative Self-Talk for Good and Discover the Life You’ve Always Wanted by Andrea Bonior, Ph.D.",Books on Positive Thinking,Books on Self-Esteem,Books on Self-Love,Books on Confidence,Books on Life Coaching,Books on Self-Care,Books on Self-Help for Women,Books on Happiness,Books on Finding Your Passion,Books on Self-Discovery,Books on Self-Awareness,Books on Mindfulness,Books on Depression,Books about Finding Yourself,Books on Burnout
Living with a SEAL: 31 Days Training with the Toughest Man on the Planet by Jesse Itzler,Books on Military Strategy,Books on Military History,Books about Navy Seals,Books on Sports Psychology,Books on Mental Toughness,Books on Martial Arts,Books on Discipline,Books on Submarines,Books on Resilience,Motivational Books,Books on Strength Training,Books on Adventure,Inspirational Books,Books on Coaching,Books on Mountaineering
Team of Rivals: The Political Genius of Abraham Lincoln by Doris Kearns Goodwin,Books on Thomas Jefferson,Books on Abraham Lincoln,Books on Presidents,Books on George Washington,Books on Benjamin Franklin,Books on American History,Books on Politics,Books on the American Revolution,Books on the Civil War,Books about the Supreme Court,Books on Political Science,Books on Democracy,Books on JFK,Books on Winston Churchill,Books on Political Philosophy
"In Search of Excellence: Lessons from America's Best-Run Companies by Thomas J. Peters, Robert H. Waterman",Books on Operations Management,Books on Business Management,CEO Books,Business Biography Books,Books on Management,Books on Team Building,Books on Leadership,Books on Business Acumen,Books on Leadership for Women,Books on Business Strategy,Books about Teamwork,Books on Business Development,Books on Managing People,Books on Strategic Thinking,Books on Entrepreneurship
The Memo: What Women of Color Need to Know to Secure a Seat at the Table by Minda Harts,Books on Feminism,Books on Leadership for Women,Books about Diversity,Books about Women's Health,Books about Women Empowerment,Books about Career Development,Books on Black History,Books on Networking,Books on Social Skills,Books on Self-Help for Women,Books about Personal Development,Books about Racism,Books on Career Change,Books on Empathy,Books on Social Work
Unlearn: Let Go of Past Success to Achieve Extraordinary Results by Barry O’Reilly,Books on Resilience,Books on Goal Setting,Books on Success,Growth Mindset Books,Motivational Books,Books on Burnout,Books on Productivity,Books on Change Management,Books on Career Change,Books on Self-Awareness,Books on Self-Discovery,Books on Managing People,Books on Leadership for Women,Books on Confidence,Self-Help Books
Hiroshima by John Hersey,Books on Reconstruction,Books on World History,Books on WW2,Books on WW1,Books on History,Books on War,Books on Social History,Books on the Cold War,Books on Korean War,Books on Propaganda,Books on Sociology,Books on Israel,Books on Iraq War,Books on Political Science,Books on International Relations
"Entangled Life: How Fungi Make Our Worlds, Change Our Minds & Shape Our Futures by Merlin Sheldrake",Books on Human Behavior,Life-Changing Books,Books on Human Nature,Books on Mushrooms,Books on Creativity,Books on Consciousness,Books on Manifesting,Books on Anthropology,Books on Tantra,Books on Self-Discovery,Books on Ecology,Books on Lucid Dreaming,Books on Psychology,Books on Wisdom,Books on Neuroscience
The Opposite of Loneliness by Marina Keegan,Books on Social Anxiety,Books on Depression,Books on Social Skills,Books on Happiness,Books on Mental Health,Books on Empathy,Books on Sociology,Books on Self-Esteem,Books on Bipolar Disorder,Books on Human Nature,Books on Psychology,Books on Existentialism,Books on Emotional Intelligence,Books on Relationships,Books on Burnout
The Comfort Book by Matt Haig,Books on Relationships,Books on Social Skills,Books on Empathy,Books on Self-Care,Books on Social Anxiety,Books on Mental Health,Books on Attachment Theory,Books on Self-Love,Books on Happiness,Books on Depression,Books on Grief,Books on Self-Esteem,Books on Anxiety,Books on Prayer,Memoir Books
"Why, When, and How by based on articles by Vox, BBC, The New York Times, The Guardian, Vice, Politico, and Radio Liberty",Books on Journalism,Books on Politics,Books about Misinformation,Books on Social History,Books about Watergate,Political Fiction Books,Books on British Politics,Books on Political Science,Books about Government,Books about Society,Books about Bureaucracy,Books on Propaganda,Books on Sociology,Books about the Supreme Court,Books about Surveillance
"Global Response by based on articles by Vox, BBC, The New York Times, The Guardian, Vice, Politico, and Radio Liberty",Books on Journalism,Books on Politics,Books on Political Science,Books on International Relations,Books on Propaganda,Political Fiction Books,Books on Social History,Books on Sociology,Books about Misinformation,Books on Geopolitics,Books on Cultural History,Books on British Politics,Books on Environmentalism,Books on Democracy,Books on Political Philosophy
"On the Brink of New Chornobyl by based on articles by Vox, BBC, The New York Times, The Guardian, Vice, Politico, and Radio Liberty",Books on Journalism,Books on Politics,Books on Social History,Political Fiction Books,Books on Political Science,Books about Misinformation,Books on British Politics,Books on Propaganda,Books on Sociology,Books on Cultural History,Books about Government,Books on Technology,Books on Environmentalism,Books on Tea,Books on Public Health
"The Power of Russian Propaganda by based on articles by Vox, BBC, The New York Times, The Guardian, Vice, Politico, and Radio Liberty",Books on Journalism,Books on Propaganda,Books about Government,Books about Misinformation,Books on Politics,Political Fiction Books,Books on Political Science,Books about Surveillance,Books about Watergate,Books on CIA,Books about Bureaucracy,Books on Putin,Books on the Cold War,Books about Power,Books about Conspiracy Theories
The Cold Start Problem: How to Start and Scale Network Effects by Andrew Chen,Books on Agile,Books on Project Management,Books on Software Architecture,Books on Software Engineering,Books on Programming,Books on Computer Science,Books on Computer Networking,Books on Operations Management,Books on Data Analytics,Books on Big Data,Books on Managing People,Books on Innovation,Books on Technical Analysis,Books on Business Strategy,Books on SQL
"Active Listening Techniques: 30 Practical Tools to Hone Your Communication Skills by Nixali Leonardo, LCSW",Books on Communication,Books on Social Skills,Books on Emotional Intelligence,Books on Coaching,Books on Conversation,Books on Psychology for Beginners,Books on Presentation Skills,Books on Conflict Resolution,Books on Interviewing,Self-Help Books,Books on Psychology,Books on Body Language,Books on Linguistics,Books on Negotiation,Books on Networking
"The Code Breaker: Jennifer Doudna, Gene Editing, and the Future of the Human Race by Walter Isaacson",Books on Human Evolution,Books on Genetics,Books on Evolution,Books on Anthropology,Intellectual Books,Books about Biology,Books on Engineering,Books on Artificial Intelligence,Books on Physics,Books on Astronomy,Books on Technology,Books on Human Nature,Books on Mathematics,Books on Dinosaurs,Books on History
"Pitch Anything: An Innovative Method for Presenting, Persuading, and Winning the Deal by Oren Klaff",Books on Selling,Books on Networking,Books on Sales,Books on Product Management,Books on Marketing Strategy,Books on Marketing,Books on Presentation Skills,Books on Customer Service,Books on Advertising,Books on Negotiation,Books on Affiliate Marketing,Books on Business Development,Books on Business Acumen,Books on Public Speaking,Books on Management
"The Squiggly Career: Ditch the Ladder, Discover Opportunity, Design Your Career by Helen Tupper and Sarah Ellis",Books on Career Change,Books on Networking,Books on Leadership for Women,Books about Career Development,Books on Finding Your Passion,Books on Entrepreneurship,Books on Financial Independence,Business Biography Books,Books on Success,Books on Hiring,Books on Goal Setting,Books on Self-Help for Women,Books about Personal Development,Books on Confidence,Books on Management
The Alter Ego Effect: The Power of Secret Identities to Transform Your Life by Todd Herman,Books on Manipulation,Books on Hypnosis,Books on Psychology,Books on Human Behavior,Books on Human Nature,Books on Mental Health,Books on Consciousness,Books on the Occult,Books on Revelation,Books on Trauma,Books on Transcendentalism,Books on Acting,Books on Spirituality,Books on Witchcraft,Books on Psychedelics
The Righteous Mind: Why Good People Are Divided by Politics and Religion by Jonathan Haidt,Books on Atheism,Books on Religion,Books on Apologetics,Books on Ethics,Books on Philosophy,Books on Christianity,Books on Human Nature,Books on Political Philosophy,Books on Western Philosophy,Books on Human Behavior,Books on Church History,Books on Conservatism,Books on Sociology,Books on Islam,Books on Logic
"Humor, Seriously: Why Humor Is a Secret Weapon in Business and Life (and How Anyone Can Harness It. Even You.) by Dr. Jennifer Aaker, Naomi Bagdonas",Books on Presentation Skills,Books on Business,Books on Networking,Business Biography Books,Books about Career Development,Books on Public Speaking,Books on Marketing,Books on Conversation,Books on Entrepreneurship,Books on Interviewing,Books on Social Skills,Books on Business Development,Books about Personal Development,Self-Help Books,Books on Leadership
"The Splendid and the Vile: A Saga of Churchill, Family, and Defiance During the Blitz by Erik Larson",Books on Winston Churchill,Books about Hitler,Books on British History,Books on WW1,Books on the Crusades,Books on WW2,Historical Fiction Books,Books on the Middle Ages,Books on the Napoleonic Wars,Books on Irish History,Books on World History,Books on Stalin,Books about the Troubles,Books on Korean War,Books on Vikings
Solutions and Other Problems by Allie Brosh,Books on Problem Solving,Books on Critical Thinking,Books on Creativity,Books on Design Thinking,Books on Mathematics,Books on Innovation,Books on Design,Books on Learning,Books on Project Management,Books on Technical Analysis,Books on Logic,Books on Teaching,Books on Drawing,Books on Game Design,Books on Managing People
"Ivan Ilyin, Putin’s Philosopher of Russian Fascism by Timothy Snyder",Books on Stalin,Books on Putin,Books on Communism,Books on Russian Revolution,Books on Russian History,Books on Political Philosophy,Books on Propaganda,Books on Alexander the Great,Books on Socialism,Books on Anarchism,Books on Winston Churchill,Books on Political Science,Books on History,Books about Totalitarianism,Books on Genghis Khan
"Competition Demystified: A Radically Simplified Approach to Business Strategy by Bruce C. Greenwald, Judd Kahn",Books on Business Strategy,Books on Business Development,Books on Product Management,Books on Business Management,Books on Strategic Thinking,Books on Business Acumen,Books on Agile,Books on Marketing Strategy,Books on Operations Management,Books on Management,Books on Innovation,Books on Customer Service,Books on Sales,Books on Small Business,Books on Entrepreneurship
The Fifth Discipline: The Act and Practice of the Learning Organization by Peter M. Senge,Books on Learning,Books on Teaching,Books on Excel,Books on Focus,Books on Improving Memory,Books on Productivity,Books on Psychology for Beginners,Books on Time Management,Books on Managing People,Books on Organization,Books on Education,Books on Discipline,Self-Help Books,Books on Coaching,Books on Habits
"What Happened to You: Conversations on Trauma, Resilience, and Healing by Bruce D. Perry, M.D., Ph.D., and Oprah Winfrey",Books on Trauma,Books on Healing,Books on PTSD,Books on Grief,Books about Self-Harm,Books about Emotions,Books on Forgiveness,Psychiatry Books,Books on Empathy,Books about Childhood Trauma,Books about Loneliness,Books about Solitude,Books about Overcoming Adversity,Books on Resilience,Books on Depression
The End of Bias: A Beginning: The Science and Practice of Overcoming Unconscious Bias by Jessica Nordell,Books on Behavioral Economics,Books on Cognitive Behavioral Therapy,Books on Neuroscience,Books on Psychology,Books on Mindfulness,Books on Psychology for Beginners,Books on Logic,Books on Human Behavior,Books on Memory,Books on Probability,Self-Help Books,Books on Critical Thinking,Books on Decision Making,Books on Mental Health,Books on Neuromarketing
Loving Bravely: Twenty Lessons of Self-Discovery to Help You Get the Love You Want by Dr. Alexandra H. Solomon,Books on Healing,Books on Empathy,Books on Self-Esteem,Books on Forgiveness,Books on Attachment Theory,Books on Boundaries,Books on Self-Love,Books on Self-Help for Women,Books on Relationships,Books on Emotional Intelligence,Books on Narcissistic Abuse,Books on Divorce,Books on Codependency,Books on Narcissism,Books on Self-Discovery
How to Live: 27 Conflicting Answers and One Weird Conclusion by Derek Sivers,Books on Life Coaching,Books on Stress Management,Books on Emotional Intelligence,Books on Problem Solving,Books on Happiness,Books on Conflict Resolution,Books on Decision Making,Life-Changing Books,Books on Wisdom,Books on Mental Health,Self-Help Books,Books on Communication,Books on Self-Love,Books on Confidence,Books on Self-Discovery
All Joy and No Fun: The Paradox of Modern Parenting by Jennifer Seniors,Books on Parenting,Books on Marriage,Books on Fatherhood,Books on Happiness,Books on Mental Health,Books on Sociology,Books on Cultural History,Books on Education,Books on Relationships,Books on Psychology,Books on Attachment Theory,Books on Homeschooling,Books on Autism,Books on Social Work,Books on Conflict Resolution
Техногенна небезпека by За матеріалами Міністерства охорони здоров’я України.,Books about Russia,Books on Russian History,Books about Women Empowerment,Books about Finding Yourself,Books on Russian Revolution,Books about Women's Health,Books about Cats,Books on Self-Discovery,Books about Chernobyl,Books about Personal Development,Books about Self-Harm,Books about Emotions,Books on Self-Love,Books about Overcoming Adversity,Books about OCD
"Усе про укриття by За матеріалами Центру стратегічних комунікацій та інформаційної безпеки, Державної служби України з надзвичайних ситуацій, Міністерства соціальної політики України, Офісу Президента України та UNICEF Ukraine",Books on Russian History,Books about Russia,Books about Chernobyl,Books on Russian Revolution,Books on Putin,Books about OCD,Books about Scotland,Books about Ireland,Books on Irish History,Books about Hitler,Books about Women Empowerment,Historical Fiction Books,Books about the Holocaust,Books about the Troubles,Books about the Middle East
One Million Followers: How I Built a Massive Social Following in 30 Days by Brendan Kane,Books on Social Media Marketing,Books on Digital Marketing,Books on SEO,Books on Blogging,Books on Advertising,Books on Marketing,Books on Digital Transformation,Books on Dbt,Books on Content Creation,Books on Computer Networking,Books on Business,Books on Networking,Books on Social Skills,Books on Branding,Books on Customer Service
Flux: 8 Superpowers for Thriving in Constant Change by April Rinne,Books on Change Management,Books on Stress Management,Books on Resilience,Growth Mindset Books,Books on Creativity,Books on Wisdom,Books on Mental Toughness,Books on Psychology,Books on Happiness,Books on Managing People,Books on Emotional Intelligence,Books on Behavioral Economics,Books on Mindfulness,Books on Mental Health,Books on Human Behavior
"This Is a Book for Parents of Gay Kids: A Question & Answer Guide to Everyday Life by Dannielle Owens-Reid, Kristin Russo",Books on Autism,Books on Parenting,Books on Relationships,Books about Sibling Relationships,Books on Empathy,Books about Friendship,Books on Social Skills,Books on Fatherhood,Books about Childhood Memories,Books about Human Sexuality,Books about Family,Books on Marriage,Books about Diversity,Books on Boundaries,Books about Dating
Unraveled: The Life and Death of a Garment by Maxine Bedat,Books about India,Books on Social History,Historical Nonfiction Books,Books about the Human Condition,Memoir Books,Books about the Troubles,Books on Cultural History,Books about Personal Development,Historical Fiction Books,Autobiography Books,Books about Paris,Books about Medicine,Books about Crystals,Books about Japan,Books on Social Work
The State of Affairs: Rethinking Infidelity by Esther Perel,Books on Ethics,Books on Divorce,Books on Codependency,Books on Forgiveness,Books on Polyamory,Books on Marriage,Books on Menopause,Books on Apologetics,Books on Narcissistic Abuse,Books on Religion,Books on Attachment Theory,Books on Feminism,Books on Philosophy,Books about Morality,Books on Atheism
Speeches That Changed the World by Simon Sebag Montefiore,Books on Public Speaking,Books on Conversation,Books on Diplomacy,Books on Presentation Skills,Books on Sociology,Books on Negotiation,Books on Problem Solving,Books on Leadership,Books on Social History,Books on Storytelling,Books on Communication,Books on Politics,Books on Innovation,Books on Interviewing,Books on Cultural History
Воєнні дії та зустріч із ворогом by За матеріалами Центру стратегічних комунікацій та інформаційної безпеки й Державної служби України з надзвичайних ситуацій,Books about Russia,Books on Russian History,Books about Chernobyl,Books on Russian Revolution,Books about OCD,Books about Scotland,Books about Women Empowerment,Books about Ireland,Books about Cats,Books about Self-Harm,Books about Finding Yourself,Books on Irish History,Books about Hitler,Books about Overcoming Adversity,Books about Personal Development
"Жінкам під час війни by За матеріалами Міністерства охорони здоровʼя (МОЗ) України, Центру стратегічних комунікацій та інформаційної безпеки, ГО «Марш Жінок», акушерок-гінекологинь Наталії Лелюх та Вікторії Бугро",Books about Russia,Books about Chernobyl,Books on Russian History,Books on Russian Revolution,Books about Women Empowerment,Books about Scotland,Books about Ireland,Books about OCD,Books about Cats,Books about Self-Harm,Books about Hitler,Books about Finding Yourself,Books about Personal Development,Books about the Holocaust,Books about Women's Health
"Інформаційна безпека by За матеріалами Центру стратегічних комунікацій, Міністерства цифрової трансформації України, платформи «ВзаємоДія», експертки з комунікацій Тані Стороженко",Books about Russia,Books on Russian History,Books about Chernobyl,Books on Russian Revolution,Books about Women Empowerment,Books about Scotland,Books about OCD,Books about Ireland,Books on Putin,Books about Women's Health,Books about Cats,Books on Irish History,Books about Personal Development,Historical Fiction Books,Books about Misinformation
"Домедична допомога by За матеріалами Центру громадського здоров’я, Державної служби України з надзвичайних ситуацій (ДСНС) та Міністерства охорони здоров’я (МОЗ) України",Books on Russian History,Books about Russia,Books on Russian Revolution,Books about Chernobyl,Books on Putin,Books about OCD,Books about Women Empowerment,Books about Cats,Books about Scotland,Books about Misinformation,Books about Hitler,Books about Ireland,Books about Dogs,Books on Irish History,Books about Emotions
Евакуація by За матеріалами Офісу Президента України та платформи «ВзаємоДія»,Books about Russia,Books on Russian History,Books on Russian Revolution,Books about Women Empowerment,Books about Chernobyl,Books about OCD,Books about Cats,Books about Finding Yourself,Books about Scotland,Books about Self-Harm,Books about Overcoming Adversity,Books about Personal Development,Books about Women's Health,Books about Ireland,Books on Self-Discovery
Fix This Next: Make the Vital Change That Will Level Up Your Business by Mike Michalowicz,Books on Managing People,Books on Change Management,Books on Business Management,Books on Management,Books on Business Strategy,Books on Sales,Books on Strategic Thinking,Books on Business Acumen,Books on Business Development,Books on Networking,Books on Selling,Books on Marketing Strategy,Books on Leadership,Books on Product Management,CEO Books
"The Procrastination Equation: How to Stop Putting Things Off and Start Getting Stuff Done by Piers Steel, Ph.D.",Books on Procrastination,Books on Habits,Books on Focus,Books on Organization,Books on Time Management,Books on Productivity,Books on Goal Setting,Books on Stress Management,Motivational Books,Self-Help Books,Books on Success,Books on Mindfulness,Books on Discipline,Books on Resilience,Books on ADHD
"The Culture Map: Decoding How People Think, Lead, and Get Things Done Across Cultures by Erin Meyer",Books on Managing People,Books on Team Building,Books on Human Behavior,Books about Teamwork,Books on Emotional Intelligence,Books on Conflict Resolution,Books on Psychology,Books on Communication,Books on Business Management,Books on Management,Books on Change Management,Books on Coaching,Books on Behavioral Economics,Books on Leadership,Books on Problem Solving
This Is How They Tell Me the World Ends: The Cyber-Weapons Arms Race by Nicole Perlroth,Books on Cyber Security,Books on Technology,Books on Hacking,Books on Computer Science,Books on Artificial Intelligence,Books on Propaganda,Books on CIA,Books on Data Science,Books on Blockchain,Books on Big Data,Books on Geopolitics,Books on International Relations,Books on Putin,Books on Cryptocurrency,Books on Journalism
"When Breath Becomes Air by Paul Kalanithi, M.D.",Books on Indian Philosophy,Books on Hinduism,Books on Anthropology,Life-Changing Books,Books on Sociology,Books on Eastern Philosophy,Books on Philosophy,Books on Meditation,Books on Buddhism,Books on Yoga,Books on Geography,Books on Tantra,Books on Ayurveda,Books on Western Philosophy,Books on Spiritual Awakening
Missing Each Other: How to Cultivate Meaningful Connections by Edward S. Brodkin and Ashley A. Pallathra,Books on Communication,Books on Social Skills,Books on Conflict Resolution,Books on Conversation,Books on Relationships,Books on Emotional Intelligence,Books on Networking,Books on Managing People,Books on Empathy,Books on Negotiation,Books on Team Building,Books on Interviewing,Books on Psychology,Books on Problem Solving,Books on Self-Discovery
Dress Your Best Life: Harness the Power of Clothes to Transform Your Confidence by Dawnn Karen,Books about Finding Yourself,Books on Skincare,Books on Confidence,Books on Self-Sufficiency,Books on Finding Your Passion,Books about Personal Development,Books about Women's Health,Books on Career Change,Books on Interior Design,Books on Minimalism,Books on Bodybuilding,Books about Career Development,Books on Design,Inspirational Books,Books on Positive Thinking
Get Different: Marketing That Can’t Be Ignored by Mike Michalowicz,Books on Branding,Books on Advertising,Books on Marketing,Books on Marketing Strategy,Books on Product Management,Books on Selling,Books on Social Media Marketing,Books on Networking,Books on Sales,Books on Public Speaking,Books on Customer Service,Books on Digital Marketing,Books on Affiliate Marketing,Books on Business,Books on Entrepreneurship
Scaling Up: How a Few Companies Make It...and Why the Rest Don’t by Verne Harnish,Books on Startups,Books on Business Management,Books on Business Acumen,CEO Books,Books on Business Strategy,Books on Management,Books on Operations Management,Books on Business Development,Books on Marketing Strategy,Books on Sales,Books on Strategic Thinking,Books on Small Business,Books on Finance,Books on Product Management,Books on Accounting
"Do What Matters Most: Lead with a Vision, Manage with a Plan, Prioritize Your Time by Rob Shallenberger & Steve Shallenberger",Books on Managing People,Books on Strategic Thinking,Books on Goal Setting,Books on Organization,Books on Time Management,Books on Management,Books on Decision Making,Books on Business Management,Books on Business Strategy,Books on Productivity,Books on Project Management,Books on Leadership,Books on Excel,Books on Operations Management,Books on Focus
Radical Technologies: The Design of Everyday Life by Adam Greenfield,Books on Design Thinking,Books on Design,Books on Product Design,Books on Graphic Design,Books on UX Design,Books on Creativity,Books on Software Engineering,Books on Typography,Books on Innovation,Books on Architecture,Books on Game Design,Books on Drawing,Books on Agile,Books on Technical Analysis,Books on Software Architecture
"Influencer: The New Science of Leading Change by Joseph Grenny, Kerry Patterson, David Maxfield, Ron McMillan, Al Switzler",Books on Public Speaking,Books on Behavioral Economics,Books on Managing People,Books on Business,Books on Negotiation,Books on Management,Books on Marketing,Books on Decision Making,Books on Psychology,Books on Selling,Books on Communication,Books on Leadership,Books on Conversation,Books on Networking,Books on Coaching
"Dear Life: A Doctor's Story of Loss and Love by Rachel Clarke, MD",Books on Grief,Books about Medicine,Books about Nursing,Books on Healing,Psychiatry Books,Books on Trauma,Books about Self-Harm,Books on Anatomy,Books on Dementia,Books about Death,Books about the Brain,Books about the Human Condition,Books about Solitude,Books about Reincarnation,Books about the Holocaust
"Hamilton: The Revolution by Lin-Manuel Miranda, Jeremy McCarter",Books on Benjamin Franklin,Books on Thomas Jefferson,Books on Alexander the Great,Books on History,Books on George Washington,Books on Winston Churchill,Books on Abraham Lincoln,Books on Napoleon,Books on the Revolutionary War,Books on the Napoleonic Wars,Books on the American Revolution,Books on the Middle Ages,Books on American History,Books on English History,Books on European History
The Great CEO Within: The Tactical Guide to Company Building by Matt Mochary,Books on Managing People,Books on Team Building,Books on Strategic Thinking,Books on Business Management,CEO Books,Books on Business Strategy,Books on Management,Books on Business Acumen,Books on Operations Management,Books on Business Development,Books on Leadership,Books on Entrepreneurship,Books on Marketing Strategy,Books on Hiring,Books on Decision Making
"Let’s Talk: Make Effective Feedback Your Superpower by Therese Huston, Ph.D.",Books on Communication,Self-Help Books,Books on Presentation Skills,Books on Psychology,Books on Productivity,Books on Managing People,Books on Behavioral Economics,Books on Emotional Intelligence,Books on Problem Solving,Books on Coaching,Books on Networking,Books on Decision Making,Books on Public Speaking,Motivational Books,Books on Conversation
"Anxiety at Work: 8 Strategies to Help Teams Build Resilience, Handle Uncertainty, and Get Stuff Done by Adrian Gostick, Chester Elton",Books on Managing People,Books on Stress Management,Books on Anxiety,Books on Resilience,Books on Problem Solving,Books on Change Management,Books on Team Building,Books on Emotional Intelligence,Books on Anger Management,Books on Decision Making,Books on Psychology,Books on Confidence,Books on Conflict Resolution,Self-Help Books,Books on Mental Toughness
Innovation in Real Places: Strategies for Prosperity in an Unforgiving World by Dan Breznitz,Books on Innovation,Books on Economics,Books on International Relations,Books on Business Development,Books on Entrepreneurship,Books on Business Strategy,Books on Management,Books on Leadership,Books on Sociology,Books on Social Work,Books on Change Management,Books on Education,Books on Creativity,Books on Sustainability,Books on Problem Solving
"The Space Barons: Elon Musk, Jeff Bezos, and the Quest to Colonize the Cosmos by Christian Davenport",Books on Astrophysics,Books on Aviation,Books on UFOs,Books on Venture Capital,Books on Engineering,Books on Astronomy,Books on Physics,Books on Finance,Books about Space,Books on Innovation,Books on Technology,Books on Artificial Intelligence,Books on Startups,Books on History,Books on Quantum Mechanics
"Unleash the Power of Storytelling: Win Hearts, Change Minds, Get Results by Rob Biesenbach",Books on Public Speaking,Books on Presentation Skills,Books on Negotiation,Books on Selling,Books on Communication,Books on Storytelling,Books on Team Building,Books on Marketing,Books on Conversation,Books on Sales,Books on Psychology,Books on Behavioral Economics,Books on Business,Books on Managing People,Motivational Books
"How to Stop Losing Your Shit with Your Kids: A Practical Guide to Becoming a Calmer, Happier Parent by Carla Naumburg, Ph.D.",Books on Stress Management,Books on Anger Management,Books on Parenting,Books on Discipline,Books on Autism,Books on Conflict Resolution,Books on Emotional Intelligence,Books on Mental Health,Books on ADHD,Books on Self-Help for Women,Books on Self-Care,Books on Homeschooling,Books on Anxiety,Books on Relationships,Self-Help Books
Teams That Work: The Seven Drivers of Team Effectiveness by Scott Tannenbaum and Eduardo Salas,Books on Team Building,Books on Managing People,Books about Teamwork,Books on Conflict Resolution,Books on Business Management,Books on Communication,Books on Management,Books on Leadership,Books on Emotional Intelligence,Books on Coaching,Books on Success,Books on Psychology,Books on Business Strategy,Books on Problem Solving,Books on Decision Making
The Innovator's Dilemma: When New Technologies Cause Great Firms to Fail by Clayton M. Christensen,Books on Innovation,Books on Venture Capital,Books on Startups,Books on Strategic Thinking,Books on Business Strategy,Books on Product Design,Books on Technical Analysis,Books on Product Management,Books on Software Architecture,Books on Problem Solving,Books on Design Thinking,Books on Software Engineering,Books on Business Acumen,Books on Technology,Books on Business Development
The High 5 Habit: Take Control of Your Life with One Simple Habit by Mel Robbins,Books on Habits,Motivational Books,Books on Goal Setting,Books on Mindfulness,Books on Self-Awareness,Self-Help Books,Books on Positive Thinking,Books on Success,Books on Happiness,Books on Time Management,Books on Self-Esteem,Books on Life Coaching,Books on Productivity,Books on Self-Care,Books on Self-Love
The Smartest Kids in the World: And How They Got That Way by Amanda Ripley,Books on ADHD,Books on Autism,Books on Education,Books on Homeschooling,Books on Teaching,Books on Character Development,Books on Mental Toughness,Books on Self-Awareness,Books on Emotional Intelligence,Books on Mental Health,Books on Neuroscience,Books on Self-Esteem,Books on Parenting,Books on Self-Love,Books on Psychology
Loved Clothes Last: How the Joy of Rewearing and Repairing Your Clothes Can Be a Revolutionary Act by Orsola de Castro,Books on Interior Design,Books on Self-Sufficiency,Books on Minimalism,Books on Skincare,Books on Sustainability,Books about Personal Development,Books about Finding Yourself,Books on Design,Books on Social Work,Books on Art History,Books about Gratitude,Books on Environmentalism,Books on Photography,Books on Hobbies,Books about Life Lessons
Die Empty: Unleash Your Best Work Every Day by Todd Henry,Books on Creativity,Books on Finding Your Passion,Books about Career Development,Books on Career Change,Books on Writing,Books about Personal Development,Books on Confidence,Books about Finding Yourself,Books on Graphic Design,Books on Productivity,Books on Design,Books on Networking,Books on Leadership for Women,Books on Drawing,Books on Design Thinking
"Conversations on Love: with Philippa Perry, Dolly Alderton, Roxane Gay, Stephen Grosz, Esther Perel, and many more by Natasha Lunn",Books on Social Skills,Books about Friendship,Books on Relationships,Books on Empathy,Books about Love,Books about Dating,Books on Sociology,Books on Marriage,Books about Personal Development,Books about Life Lessons,Books on Conversation,Books on Human Nature,Memoir Books,Books on Feminism,Books about Women's Health
The Minimalist Entrepreneur: How Great Founders Do More with Less by Sahil Lavingia,Books on Minimalism,Books on Simplicity,Books on Agile,Books on Business Management,Books on Product Management,Books on Small Business,Books on Entrepreneurship,Books on Financial Independence,Books on Operations Management,Books on Organization,Books on Productivity,Books on Management,Books on Marketing Strategy,Books on Business Development,Books on Startups
"The Lost Art of Connecting: The Gather, Ask, Do Method for Building Meaningful Business Relationships by Susan McPherson",Books on Communication,Books on Networking,Books on Negotiation,Books on Managing People,Books on Customer Service,Books on Social Skills,Books on Conversation,Books on Interviewing,Books on Conflict Resolution,Books on Team Building,Books on Selling,Books on Emotional Intelligence,Books on Management,Books on Business Management,Books on Business Development
